1,Target,Target
2,Costco Wholesale Corp.,Costco
3,CVS,CVS.com; |CVS Return|;Extracare Card
4,Dollar General,Dollar General;DGCustomer;LAR GENERAL STORE
5,Dollar Tree,Dollar Tree
6,Kroger,KROGER
7,Publix Super Markets,Publix
8,Safeway,Safeway
9,Sam's Club,samsclub.com;Sam's Instant Savings
10,Walgreens,Walgreens
11,Walmart,Walmart;Save Money. Live Better.;Low Prices You Can Trust;Walnart;Wal-mart
15,Home Depot,HOME DEPOT
16,Lowe's Home Improvement,Lowe's
17,Acme Markets,Acme
18,Duane Reade,Duane Reade
19,Meijer,Meijer
20,Albertsons,Albertsons
22,ShopRite,ShopRite;Shop Rite
23,Jewel Osco,Jewel Osco;Jewel-Osco
26,Shaw's Supermarkets,Shaws;Shaw's
28,Baker's Supermarkets,BAKER'S;|BAKERS|
29,City Market,CITY MARKET
30,Dillons,Dillon's;DILLONS
31,Food 4 Less,Food4Less
32,Gerbes,GERBE'S;GERBES
33,Harris Teeter,Harris Teeter
35,Jay C,JAY C
36,King Soopers,King Soopers
37,Owen's Market,OWEN'S
38,Pay Less Super Markets,PAY LESS;PAY-LESS
39,QFC (Quality Food Centers),|QFC|
40,Ralphs,Ralphs;Ralph's
41,Ruler Foods,RULER
42,Smith's Food and Drug,|Smiths|;Smith's
44,H-E-B,|HEB|;H-E-B
45,BJ's Wholesale Club,BJs.com;BJ's
46,Stop & Shop,STOPANDSHOP;SHOP & SHOP
47,Winn Dixie,Winn Dixie;Winn-Dixie
48,Military Commissary,COMMISSARY;Commissaries
51,WinCo Foods,Winco;Winco Foods
52,Wegmans Food Markets,Wegmans
53,Fred Meyer,Fred Meyer
54,Sprouts Farmers Market,SPROUTS
55,Whole Foods Market,Whole Foods
56,Hy-Vee,Hyvee;Hy-vee
60,Fry's Food and Drug,Fry's
61,DeMoulas Market Basket,MARKET BASKET
62,Price Chopper,PRICE CHOPPER
63,Vons,Vons
64,Tops Friendly Markets,Tops
65,Stater Bros,STATER BROS
66,Ingles Markets,|INGLES|
67,Woodman's Markets,WOODMANS;Woodman's
68,Schnucks,SCHNUCKS
69,Fred's Super Dollar,|FREDS|;FRED'S
72,Marc's,|MARCS|;MARC'S
73,Smart & Final,SMART & FINAL;SMART AND FINAL
75,Kwik Trip,KWIK TRIP
76,Tom Thumb,TOM STORE;TOM THUMB
77,The Fresh Market,THE FRESH MARKET
78,United Supermarkets,United Super
79,Total Wine & More,TOTAL WINE
80,SHOPPERS Food & Pharmacy,SHOPPERS FOOD;SHOPPERS LISTENS
81,Circle K,CIRCLE K
85,PriceRite,PRICE RITE
86,Rouses Markets,ROUSES
87,Natural Grocers,NATURAL GROCERS
89,Market Street,Market Street
90,Speedway,SPEEDWAY
91,Price Cutter,PRICE CUTTER
92,Shell,|SHELL|
93,Pavilions,PAVILIONS.com
94,CASEY'S GENERAL STORE,CASEY'S;CASEYS
95,Northgate Markets,North GATE
96,Wawa,|WAWA|
99,Sheetz,SHEETZ
100,BevMo,BEVMO;CLUBBEV
101,Lunds & Byerlys,LUNDS & BYERLYS;LUNDS AND BYERLYS
102,Super 1 Foods,SUPER ONE;SUPER 1
103,Corner Store,CORNER STORE
105,Sunoco,SUNOCO
106,Marathon Oil,Marathon
108,CHEVRON,Chevron
109,Pilot Travel Centers,PILOT
110,MURPHY USA,MURPHY
111,Love's Travel Stop,LOVES;LOVE'S
113,Stripes Convenience Stores,STRIPES
114,Allsup's,|ALLSUP|
115,Maverik,MAVERIK ADVENTURE
116,MAPCO Express,MAPCO MART
123,Kangaroo Express,Kangaroo
124,Piggly Wiggly,Piggly Wiggly;shopthepig.com
135,Turkey Hill Minit Market,Turkeyhillstores.com
138,Cash Saver,CASH SAVER
139,Save Mart,SAVE MART
141,BI-LO,Bi-LO
142,Food Lion,Food Lion
143,Rite Aid,Rite Aid
144,Giant Eagle,Giant Eagle
145,Weis Markets,Weis Markets
146,Food City,FOOD CITY
147,Big Y,BIG Y
148,Lowes Foods,|LOWES|
150,Redner's Markets,REDNERS
152,Pick 'n Save,PICK N SAVE:PICK N' SAVE
153,Raley's Supermarkets,RALEYS
154,getGo,GETGO
156,Homeland,HOMELAND
158,Mariano's,MARIANO'S;MARIANO'S
159,Bel Air,BEL AIR
160,Hannaford,HANNAFORD
161,Family Fare Supermarkets,Family Fare
162,County Market,COUNTRY MARKET
163,Shop 'n Save,SHOP 'N SAVE;SHOP N SAVE
165,Family Dollar,Family Dollar
167,Bashas' Supermarkets,BASHAS
168,Fareway,FAREWAY
169,Nob Hill Foods,NOB HILL
171,Sephora,Sephora
175,Thorntons,THORNTONS
177,Best Buy,BEST BUY
178,Farm Fresh,FARM FRESH
179,Aeropostale,AEROPOSTALE
5677,ABC Fine Wine & Spirits,ABC FINE WINE
5913,Burkes Outlet,burkes
5929,Kohls,KOHL'S;KOHLS
5933,99 Cents Only Stores,tell99.com
5934,Big Lots,Big Lots
5940,Roses,Rosesdiscount
5944,Ollie's Bargain Outlet,|OLLIES|;OLLIE'S
5986,Mills Fleet Farm,MILLS FLEET FARM
5989,Rural King,RURAL KING
6036,Asda Stores UK,|ASDA|
6048,Sainsbury's UK,SAINSBURY
6051,Tesco Stores,TESCO
6054,Navy Exchange,NAVY EXCHANGE
6059,Carrefour Spain,CARREFOUR
6061,Shopko,SHOPKO
6062,Kmart,KMART;K-MART;K MART
6072,Michaels Stores,Shopping at MICHAELS;MICHAELS STORE;michaels.com
6087,Ace Hardware,ACE HARDWARE;ACE REWARDS
6102,Menards,MENARDS
6104,Orchard Supply Hardware,ORCHARD SUPPLY
6118,Goodwill,GOODWILL
6146,Petco,|PETCO|
6152,PetSmart,Petsmart
6191,Braum's Ice Cream and Dairy Stores,BRAUM'S;BRAUMS
6217,Checkers Drive-In Restaurants,CHECKERS
6226,Harveys Supermarket,Harveys
6229,In-N-Out Burger,IN-N-OUT
6265,McDonald's,MCDONALD'S;MCDONALDS;MCDVOICE
6398,Ann Taylor,ANN TAYLOR
6589,Associated Supermarkets,Associated
6677,Starbucks,STARBUCKS Rewards;Starbucks.com
6692,Caribou Coffee,CARIBOU COFF
6705,Cumberland Farms,CUMBERLAND
6709,Discount Food Mart,DISCOUNT DRUG MART
6725,QUICK CHEK,Quick Chek
6728,Royal Farms,Royal Farms
6732,Stewart's Shops,Stewarts
6737,SuperAmerica,SUPER AMERICA
6745,7-Eleven,7 - ELEVEN;7 ELEVEN
6752,E-Z Mart,E-Z MART;EZ MART
6788,Dillard's,Dillards;Dillard's
6802,Macy's,MACY's;MACYS
6822,Cinnabon,CINNABON
6881,Super Dollar,Super Dollar
6884,ALDI,|Aldi|;.Aldi.;www.Aldi;Aldi.us
6892,Discount Drug Mart,DISCOUNT DRUG MART
7205,ARCO,|ARCO|
7206,BP,|BP|
7218,EXXON,Exxon
7365,IHOP,|IHOP|
7413,Olive Garden,OLIVE GARDEN
7437,Red Robin Gourmet Burgers,RED ROBIN
7485,TGI Fridays,TGI FRIDAY'S;TGI FRIDAYS
7504,Cracker Barrel,CRACKER BARREL
7567,Fairway Market,FAIRWAY
7569,99 Ranch Market,99 RANCH
7577,ALDI UK,|Aldi|;.Aldi.;www.Aldi;Aldi.us
7592,BI - MART,BI - Mart
7595,Brookshire Brothers,BROOKSHIRE BROTHERS
7596,Brookshire Grocery Company,BROOKSHIRE'S;BROOKSHIRES
7598,C Town Supermarkets,C-TOWN
7600,Cardenas Markets,CARDENAS
7603,Cash&Carry Smart Foodservice,smartfoodservice;cash & carry
7605,Cash Wise,CASH WISE
7606,Central Market,Cental Market
7609,Coborns,COBORNS;COBORN'S
7612,Compare Foods,Compare Foods
7617,Cub Foods,cub.com;Cub Foods;cublistens
7620,D&W Fresh Market,D&W
7623,Dave's Marketplace,Dave's Market;davesmarket
7627,Dierbergs Markets,Dierbergs
7632,Earth Fare,Earth Fare
7633,Econo Foods,ECONO FOOD
7636,El Rancho Supermercado,El Rancho
7638,El Super,EL SUPER
7648,Fiesta Mart,FIESTA MART
7654,Food Source,Food Source
7656,Foodland,FOODLAND
7659,FoodMaxx Supermarkets,FOOD MAXX
7661,Foodtown,FOOD TOWN
7666,FRESCO Y MAS,FRESCO Y MAS
7667,Fresh Thyme,FRESH THYME
7678,Harmons,Harmonsgrocery
7679,Harps Food Store,HARPS
7681,Heinen's Grocery Stores,HEINENS;HEINEN'S
7682,Hen House,Hen House
7684,Hornbacher's,HORNBACHER'S;HORNBACHERS
7689,IGA,|IGA|
7700,Key Food,KEY FOOD
7702,King Kullen,King Kullen
7714,Lucky's Market,LUCKYS;LUCKY'S
7717,Mac's Fresh Market,Mac's Fresh
7738,Metro Market,Metro Market
7741,Morrisons UK,MORRISONS;MORRISON'S
7766,Presidente Supermarkets,Presidente
7768,Price Less Foods,PRICE LESS FOODS
7769,Price Less IGA,Price less iga
7780,Randall's Food Markets,RANDALLS
7788,Save-A-Lot (Pyramid Foods),Save A Lot;SAVE-A-LOT
7793,Seafood City,SEAFOOD CITY
7794,Sedanos,SEDANOS;SEDANO'S
7806,Spring Market,Spring Market
7817,Superior Grocers,SUPERIOR
7823,Trader Joe's,Trader Joes;Trader Joe's
7824,Vallarta Supermarkets,VALLARTA
7828,Western Beef,western beef
8317,Kinney Drugs,Kinney Drugs
8322,Longs Drugs,LONGS DRUGS
8396,Papa John's,PAPA JOHNS
8408,Pizza Hut,Pizza Hut
8510,SUBWAY,|Subway|
8541,Dunkin' Donuts,DUNKIN' DONUTS;DUNKIN DONUTS
8598,Taco Bell,TACO BELL
8640,Food King,FOOD KING
8641,Waitrose UK,WAITROSE;WAIT ROSE
8654,Festival Foods,festfoods;Festival Foods
8656,Grocery Outlet Bargain Market,GROCERY OUTLET BARGAIN MARKET
8657,H Mart,H MART
8659,Cost Plus World Market,WORLDMARKET.com;Cost Plus World Market;World Market Explorer
8660,Reasor's,REASOR'S;REASORS
8662,Ulta Beauty,|ULTA|;ULTA.COM
8664,Strack & Van Til,STRACK AND VAN;STRACK & VAN
8665,Super Saver,Welcome to Super Saver;supersaverfeedback
8666,Kum & Go,KUM & GO
8669,Buehler's Fresh Foods,BUEHLER
8670,Tony's Finer Foods,TONYS FINER FOODS;TONY'S FINER FOODS
8671,Bravo Supermarkets,Bravo
8672,Crest Foods,CREST FOODS
8673,Stew Leonard's,Stew's;stew leonard's;stew leonards
8674,Food Depot,FOOD DEPOT
8675,Chief Supermarkets,CHIEF
8676,Butera Market,BUTERA
8677,Valli Produce,Valli Produce
8678,Times Supermarket,TIMES SUPER
8679,Trig's,TRIGS;TRIG'S
8681,Hugo's Family Marketplace,HUGO'S;HUGOS
8682,Giunta's Meat Farms,Giunta's;GIUNTAS
8683,Patel Brothers,Patel Brothers
8684,SPARKLE,Sparkle
8685,Busch's Fresh Food Market,BUSCH'S;BUSCHS
8687,Walt's Food Center,Walt's Food
8688,Yoke's Fresh Market,YOKE'S; YOKES
8693,Kuhn's Market,Kuhns;Kuhn's
8695,Fine Wine & Good Spirits,FINE WINE & GOOD;FINE WINE AND GOOD
8699,Binny's Beverage Depot,BINNY'S;BINNYS
8700,Hudson Group,Hudson News;hudson group
8701,Country Mart,Country Mart
8702,Village Market,V Market;VillageMarket
8703,Pete's Fresh Market,PETE'S FRESH MARKET;PETES FRESH MARKET
8704,Woods Supermarket,WOODS SUPER
8709,Lake Mills Market,Lake Mills
8710,Cermak Fresh Market,Cermak
8716,RIDLEY'S FAMILY MARKETS,RIDLEYS;RIDLEY'S
8727,Marketplace Food & Drug,MARKETPLACE FOOD
8728,BOYER'S FOOD MARKET,BOYER'S;BOYERS
8741,Berkot's Super Foods,BERKOTS;BERKOT'S
8752,H&M,|H&M|;HM.COM
8753,Marketplace Foods,MARKETPLACE FOODS
8754,Market District,MARKET DISTRICT
8757,Shoppers Value,SHOPPERS VALUE
8766,APLUS,APLUS
8799,Apple Market,APPLE MARKET
8837,VILAS SUPERSTORE,|VILAS|
8838,Hays Grocery,|Hay's|
8853,County Fair Food Store,Country Fair
7712,Lowe's Foods,Lowe's Foods
5919,Ross Dress for Less,Ross Dress for Less
5991,Tractor Supply,Tractor Supply
5921,T.J. Maxx,T.J. Maxx; TJ MAXX
7590,Best Market,Best Market
7713,Lucky Supermarkets,Lucky Supermarkets
25,Star Market,Star Market
6074,Bed Bath & Beyond,Bed Bath & Beyond;BED BATH AND BEYOND
6811,JCPenney,JCPenney
8658,Acme Fresh Market,Acme Fresh Market
6125,Office Depot & OfficeMax,Office Depot;Officemax
7671,Gordon Food Service,Gordon Food Service
14,Toys R Us,Toys R Us
5942,Burlington Coat Factory,Burlington Coat Factory
7674,Giant Food Store,Giant Food Store
8661,Hobby Lobby,Hobby Lobby
5858,AutoZone,AutoZone
5937,Five Below,Five Below
8204,GNC,|GNC|
6313,Chick-fil-A,Chick-fil-A
151,Martin's Super Markets,Martin's Super Markets
8663,HomeGoods,HomeGoods
6137,Academy Sports + Outdoors,Academy Sports + Outdoors
6934,Chipotle,Chipotle
6883,Christmas Tree Shops,Christmas Tree Shops
6210,Burger King,Burger King
84,Foods Co,Foods Co
6162,Dick's Sporting Goods,Dick's Sporting Goods
5881,Barnes and Noble,Barnes and Noble
5856,Advance Auto Parts,Advance Auto
5853,Sears,Sears
6144,Pet Supplies Plus,Pet Supplies Plus
6055,Army and Air Force Exchange Service,Army and Air Force Exchange Service
6281,Wendy's,Wendy's;WENDYS
8667,Victoria's Secret,Victorias Secret;Victoria's Secret
6273,Sonic,|Sonic|
7987,GameStop,GameStop
8668,Lidl,|Lidl|
6285,Dairy Queen,Dairy Queen
6070,Jo-Ann Fabric and Craft Stores,Jo-Ann Fabric;joann.com
6288,Arby's,Arby's;|ARBYS|
12,Staples,Staples
98,QuikTrip,QuikTrip
5883,Party City,Party City
104,RaceTrac,RaceTrac
107,Holiday Station,Holiday Station
8224,The Vitamin Shoppe,The Vitamin Shoppe
8366,Domino's Pizza,Domino's Pizza
5906,Old Navy,Old Navy
7602,Carrs,Carrs
6033,IKEA,|IKEA|
7005,Panda Express,Panda Express
5917,Marshalls,Marshalls
172,KFC,|KFC|
13,Babies R Us,Babies R Us
8490,Panera Bread,Panera Bread
7275,Applebee's,Applebee's;APPLEBEES
5994,Payless ShoeSource,Payless Shoe
6351,Popeyes Louisiana Kitchen,Popeyes
7785,Roche Bros,Roche Bros
8680,VG's Grocery,VG's Grocery
7703,Kings Food Markets,Kings Food Markets
97,Haggen Northwest Fresh,Haggen Northwest Fresh;Haggensurvey
6065,A.C. Moore,A.C. Moore
6717,MAPCO Mart,|MAPCO|
8560,Krispy Kreme Doughnuts,Krispy Kreme Doughnuts
5953,Harbor Freight Tools,Harbor Freight Tools
7581,Angelo Caputo's Fresh Markets,Angelo Caputo's Fresh Markets
6289,Hardee's,Hardee's;Hardees
5938,Ocean State Job Lot,Ocean State Job Lot
5927,Belk,|Belk|
5947,Tuesday Morning,Tuesday Morning
8686,Gelson's,Gelson's
8689,Adams Fairacre Farms,Adams Fairacre Farms
8690,Joe V's,Joe V's
8691,168 Market,168 Market
8692,Neiman's Family Market,Neiman's Family Market
8694,Trucchi's Supermarkets,Trucchi's Supermarkets
6143,Pet Supermarket,Pet Supermarket
6808,Nordstrom Rack,Nordstrom Rack
8696,Fine Fare Supermarket,Fine Fare Supermarket
8697,Dan's Supermarket,Dan's Supermarket
8698,Russ's Market,Russ's Market
6371,The Children's Place,The Children's Place
8385,Little Caesars,Little Caesars
7330,Denny's,Denny's
58,Giant (MD),Giantfood.com;Giant Points
7850,Bath & Body Works,Bath & Body Works
5862,O'Reilly Auto Parts,O'Reilly Auto Parts
7187,Shoe Carnival,Shoe Carnival
5993,DSW (Designer Shoe Warehouse),|DSW|
166,Remke Markets,Remke Markets
5984,Blain's Farm & Fleet,Blain's Farm & Fleet
174,Sally Beauty Supply,Sally Beauty Supply
6396,American Eagle Outfitters,American Eagle Outfitters
8705,VA ABC,VA ABC
8706,Miller & Sons Supermarket,Miller & Sons Supermarket
8707,Seabra Foods,Seabra Foods
8708,Roth's,Roth's
7502,Zaxby's,Zaxby's
7812,Super King Markets,Super King Markets
7650,Food Bazaar Supermarket,Food Bazaar Supermarket
8711,Needler's Fresh Market,Needler's Fresh Market
8294,Bartell Drugs,Bartell Drugs
6755,GoMart,GoMart
5914,dd's DISCOUNTS,dd's DISCOUNTS
8712,Nike Factory Store,Nike Factory Store
8480,Jimmy John's,Jimmy John's
8713,Sullivan's Foods,Sullivan's Foods
7483,Texas Roadhouse,Texas Roadhouse
7797,Shun Fat Supermarket,Shun Fat Supermarket
8714,Fresh Farms,Fresh Farms
8715,Garden Fresh Market,Garden Fresh Market
6221,Five Guys,Five Guys
7887,Harmon Face Values,Harmon Store
8717,Riesbeck's,Riesbeck's
8718,Jubilee Foods,Jubilee Foods
8719,Zion Market,Zion Market
7624,Dave's Markets,Dave's Markets
8720,Harter House,Harter House
6129,Cabela's,Cabela's
7878,Great Clips,Great Clips
7784,Restaurant Depot,Restaurant Depot
8721,Daiso Japan,Daiso Japan
7747,New Seasons Market,New Seasons Market
8722,Lotte Plaza,Lotte Plaza
8723,Uncle Giuseppe's Marketplace,Uncle Giuseppe's Marketplace
5887,Buy Buy Baby,Buy Buy Baby
8724,Good Fortune Supermarket,Good Fortune Supermarket
8725,Jmart,Jmart
8726,Town & Country Supermarket,Town & Country Supermarket
7149,Famous Footwear,Famous Footwear
7695,JONS International Marketplace,JONS International Marketplace
129,Buc-ee's,Buc-ee's
8729,Gerrity's Supermarket,Gerrity's Supermarket
7754,Nugget Market,Nugget Market
6219,Culver's,Culver's
6782,Boscov's,Boscov's
6352,Raising Cane's,Raising Cane's
8730,Super A Foods,Super A Foods
8731,Nelson's County Market,Nelson's County Market
6872,Dirt Cheap,Dirt Cheap
8732,Gordy's Market,Gordy's Market
8733,Grant's Supermarket,Grant's Supermarket
7736,Met Foodmarkets,Met Foodmarkets
8734,Landis Supermarket,Landis Supermarket
8735,Corner Market,Corner Market
7675,Great Wall Supermarket,Great Wall Supermarket
6457,Gap,|Gap|
7113,Atwoods Ranch & Home,Atwoods Ranch & Home
8531,Auntie Anne's,Auntie Anne's
5662,Claire's Worldwide,Claire's Worldwide
8736,Fei Long Supermarket,Fei Long Supermarket
7761,PCC Natural Markets,PCC Natural Markets
8472,Firehouse Subs,Firehouse Subs
8737,Kessler's Food & Liquor,Kessler's Food & Liquor
8399,Papa Murphy's,Papa Murphy's
8738,Rulli Bros,Rulli Bros
8739,Island Pacific Supermarket,Island Pacific Supermarket
7779,Rancho San Miguel Markets,Rancho San Miguel Markets
8740,Rosauers,Rosauers
6366,Justice,shopjustice.com;justiceretail
7653,Food Pyramid,Food Pyramid
8742,Brookhaven Marketplace,Brookhaven Marketplace
8743,Bottle King,Bottle King
8744,Hong Kong Supermarket,Hong Kong Supermarket
8745,Mackenthun's Fine foods,Mackenthun's Fine foods
6283,Whataburger,Whataburger
6216,Carl's Jr.,Carl's Jr.
7959,Disney Store,Disney Store
8746,Harding's Friendly Market,Hardings.com;Harding's
5990,Orscheln Farm & Home,Orscheln Farm & Home
8747,Food Country USA,Food Country USA
8748,Maines Food & Party Warehouse,Maines Food & Party Warehouse
8749,MOM's Organic Market,MOM's Organic Market
8750,United Supermarket,United Supermarket
8751,Elden's Fresh Foods,Elden's Fresh Foods
7296,Bob Evans,Bob Evans
7561,Kowalski's Markets,Kowalski's Markets
140,Wesco,Wesco
7809,Sunset Foods,Sunset Foods
170,Chili's Grill & Bar,Chili's Grill & Bar
6503,maurices,maurices
7752,North Shore Farms,North Shore Farms
6428,Charlotte Russe,Charlotte Russe
7246,Spinx,Spinx
6453,Forever 21,Forever 21
8755,Gristedes,Gristedes
7594,Bristol Farms,Bristol Farms
8756,Pacific Supermarket,Pacific Supermarket
8758,Vince & Joe's Gourmet Market,Vince & Joe's Gourmet Market
6163,Dunham's Sports,Dunham's Sports
8759,Stauffers of Kissel Hill,Stauffers of Kissel Hill
8760,Global Food,Global Food
176,Ruby Tuesday,Ruby Tuesday
8761,Sharp Shopper,Sharp Shopper
7655,Food Universe Marketplace,Food Universe
8762,New Egypt Marketplace,New Egypt
6807,Nordstrom,Nordstrom
8763,Yankee Candle,Yankee Candle
180,Express,*Express*;Expressfeed;Express Next
8764,Home Liquors,Home Liquors
6274,Steak 'n Shake,Steak 'n Shake
8765,Yankee Spirits,Yankee Spirits
8767,Hollister,Hollister
8768,Big Saver Foods,Big Saver Foods
6310,Bojangles',Bojangles
8769,Waremart by WinCo,Waremart
8770,NetCost Market,NetCost Market
8771,Savers,Savers.com;Super Savers Club
7742,Morton Williams Supermarkets,Morton Williams
8772,Schiel's Family Market,Schiel's;SCHIELSMARKETS
8773,Angeli's Central Market,Angeli's Central Market
7410,Noodles & Company,Noodles & Company
8774,India Bazaar,India Bazaar
8479,Jersey Mike's,Jersey Mike's
8775,Moser Discount Foods,Moser Discount Foods
120,Loaf 'N Jug,Loaf N Jug;LOAF 'N JUG
8776,Teal's Market,Teal's Market
8777,Webster Avenue Market,Webster Avenue Market
8778,Dash's Market,Dash's Market
6989,McAlister's Deli,McAlister's Deli
8779,R-N Market,R-N Market
6161,Big 5 Sporting Goods,Big 5 Sporting Goods
6700,CEFCO Convenience Stores,CEFCO Convenience Stores
8780,Fresh Madison Market,Fresh Madison Market
7697,Just$ave Foods,Just$ave Foods
8781,El Rio Grande Latin Market,El Rio Grande Latin Market
8782,Richter's Marketplace,Richter's Marketplace
8783,Town & Country Discount Foods,Town & Country Discount Foods
8784,Food Outlet,Food Outlet
8785,Quality Foods,Quality Foods
7175,Rack Room Shoes,Rack Room Shoes
8786,Ray's Apple Market,Ray's Apple Market
6920,Boston Market,Boston Market
8787,Horrock's Farm Market,Horrock's Farm Market
6996,Moe's Southwest Grill,Moe's Southwest Grill
8788,Value Center Marketplace,Value Center Marketplace
6320,El Pollo Loco,El Pollo Loco
7190,SKECHERS,SKECHERS
5882,Books-A-Million,Books-A-Million
6869,Bargain Hunt,Bargain Hunt
7355,Golden Corral,Golden Corral
8552,Jamba Juice,Jamba Juice
8789,La Michoacana Meat Market,La Michoacana Meat Market
6145,Pet Valu,Pet Valu
6868,See's Candies,See's Candies
8790,United Grocery Outlet,United Grocery Outlet
8791,Daily Deals Food Outlet,Daily Deals Food Outlet
7931,SmartStyle Family Hair Salons,SmartStyle Family Hair Salons
8792,Big Bunny Market,Big Bunny Market
8594,Del Taco,Del Taco
8793,Viking Village Foods,Viking Village Foods
8794,Nijiya Market,Nijiya Market
6350,Pollo Tropical,Pollo Tropical
8795,Froogel's,Froogel's
8796,Skyfoods,Skyfoods
7711,Los Altos Ranch Market,Los Altos Ranch Market
8797,Value Land,Value Land
8798,Byrne Dairy,Byrne Dairy
7114,Big R,Big R
8800,Entenmann's,Entenmann's
8801,Randazzo Fresh Market,Randazzo Fresh Market
8802,Trade Fair Supermarket,Trade Fair Supermarket
8803,Vowell's Market Place,Vowell's Market Place
8804,Westside Market,Westside Market
8805,Market 32,Market 32
8806,The Fresh Grocer,The Fresh Grocer
8807,Walt Churchill's Market,Walt Churchill's Market
8808,Nino Salvaggio,Nino Salvaggio
8809,Community Market,Community Market
8810,Sack N Save,Sack N Save
8811,Uwajimaya,Uwajimaya
8574,Smoothie King,Smoothie King
6110,Sherwin-Williams,Sherwin-Williams
6018,Pier 1 Imports,Pier 1 Imports
6128,Bass Pro Shops,Bass Pro Shops
8812,Lucky California,Lucky California
8813,Under Armour,Under Armour
8814,Valley Food Super Center,Valley Food Super Center
8815,Vans,|Vans|
8816,Vista Central Market,Vista Central Market
8817,Wenger's Grocery Outlet,Wenger's Grocery Outlet
6794,Gordmans,Gordmans
8818,Weaver Markets,Weaver Markets
6223,Freddy's Frozen Custard & Steakburgers,Freddy's Frozen Custard
6462,Hot Topic,Hot Topic
8819,Village Plaza Sparkle Market,Village Plaza Sparkle Market
8820,AT&T,AT&T
5960,Fry's Electronics,Fry's Electronics
8821,Navarro Discount Pharmacies,Navarro Discount Pharmacies
8822,Claiborne Hill Supermarket,Claiborne Hill
8823,Town & Country Market,Town & Country Market
8824,Karns Quality Foods,Karns Quality Foods
8825,Edwards Food Giant,Edwards Food Giant
7644,Family Fresh Market,Family Fresh Market
5814,Pep Boys,Pep Boys
6522,Rainbow Shops,Rainbow Shops
5988,Runnings,Runnings
8826,Babbs Supervalu,Babbs Supervalu
8827,Villa Park Fruit Market,Villa Park Fruit Market
8828,Wallmann's Quality Foods,Wallmann's Quality Foods
8829,Westborn Market,Westborn Market
6810,Younkers,Younkers
8830,Ahart's Market,Ahart's Market
8831,Market of Choice,Market of Choice
8832,ABC Stores,ABC Stores
8833,Sav Mor Foods,Sav Mor Foods
8834,Yoss Thriftway,Yoss Thriftway
8835,Your Dekalb Farmers Market,Your Dekalb Farmers Market
8836,Mitsuwa Marketplace,Mitsuwa Marketplace
112,United Dairy Farmers,United Dairy Farmers
8839,Uptown Grocery Co,Uptown Grocery Co
8840,Waianae Store,Waianae Store
8841,Berwyn Fruit Market,Berwyn Fruit Market
8842,Bill's Family Foods Catering,Bill's Family Foods Catering
8843,Caraluzzi's Bethel Food Market,Caraluzzi's Bethel Food Market
8844,Murfins Market,Murfins Market
6567,Zara,|Zara|
8845,Superlo Foods,Superlo Foods
6682,Tim Hortons,Tim Hortons
8846,Aubuchon Hardware,Aubuchon Hardware
8319,Lewis Drug,Lewis Drug
8847,Cheesecake Factory,Cheesecake Factory
6835,Godiva,Godiva
8848,Webster's Marketplace,Webster's Marketplace
6907,Au Bon Pain,Au Bon Pain
6781,Bon-Ton Stores,Bon-Ton Stores
8849,Capitol Centre Market,Capitol Centre Market
7162,Journeys,Journeys
8850,Balducci's Food Lover's Market,Balducci's Food Lover's Market
8851,Valu Home Centers,Valu Home Centers
8852,Warehouse Discount Groceries,Warehouse Discount Groceries
7881,Hair Cuttery,Hair Cuttery
8854,Disney Parks,Disney Parks;Disney World
8855,VC Fresh Marketplace,VC Fresh Marketplace
6287,White Castle,White Castle
8856,Amazing Savings,Amazing Savings
8857,BILL'S Superette,BILL'S Superette
8858,Fisher Foods,Fisher Foods
8859,Sara Lee,Sara Lee Outlet
8603,Taco Cabana,Taco Cabana
8860,Amherst Family Foods,Amherst Family Foods
7058,Apple Retail Store,Apple Retail Store
6038,Bealls Florida,Bealls Florida
7115,Bomgaars,Bomgaars
6133,REI,rei.com;|REI Purchase|
6050,Stein Mart,Stein Mart
8861,Wayfield Foods,Wayfield Foods
6609,85å¡C Bakery Cafe,85å¡C Bakery Cafe
8863,Bruce's Foodland Plus,Bruce's Foodland Plus
8864,Cals Thriftway,Cals Thriftway
6170,Half Price Books,Half Price Books
8865,Williquors,Williquors
8866,Bulk Nation,Bulk Nation
8867,Buy For Less,Buy For Less
8868,Buy Low Market,Buy Low Market
8869,Trentwood Farms,Trentwood Farms
8870,Valley Farm Market,Valley Farm Market
8265,Feeders Supply,Feeders Supply
6388,Abercrombie & Fitch,Abercrombie & Fitch
8871,Arlan's Market,Arlan's Market
8872,Balady Foods,Balady Foods
8873,Wesselman's Supermarket,Wesselman's Supermarket
8874,ZoÌÇs Kitchen,ZoÌÇs Kitchen
8875,Brooklyn Harvest Market,Brooklyn Harvest
8876,Dorothy Lane Market,Dorothy Lane Market
8877,Twin Liquors,Twin Liquors
7825,Valu Land,Valu Land
8878,Village Fresh Market,Village Fresh Market
7830,Wild By Nature,Wild By Nature
8879,Bedico Supermarket,Bedico Supermarket
6419,Buckle,Buckle
8880,Velocity Market,Velocity Market
8881,Wholesome Choice Market,Wholesome Choice Market
8882,Wilbur's Total Beverage,Wilbur's Total Beverage
8883,Adidas,Adidas
8884,Banks Market,Banks Market
5915,Gabe's,Gabriel Bro;mygabes;|shopping Gabes|
6231,Jack in the Box,Jack in the Box
5932,Stage Stores,Stage Stores
8885,Waldens Supermarket,Waldens Supermarket
8886,Whigville Market,Whigville Market
5941,Beall's Outlet,Beall's Outlet
5893,Bob's Stores,Bob's Stores
6824,Cold Stone Creamery,Cold Stone Creamery
6840,Lindt,Lindt
8887,Torrid,Torrid
7572,AJ's Fine Foods,AJ's Fine Foods
7140,ALDO,|ALDO|
164,At Home,athome.com
7213,CITGO,|CITGO|;|CITG0|
7241,Road Ranger,Road Ranger
173,Hallmark Cards,Crown Rewards;Hallmark Creations